region	logo_entries	reference_entries
AD	0	1
AE	2	1
AF	0	6
AG	1	4
AI	1	2
AL	0	4
AM	0	4
AO	1	2
AR	1	6
AS	0	2
AT	1	14
AU	4	45
AW	1	2
AZ	0	6
BA	0	3
BB	1	4
BD	0	8
BE	3	15
BF	1	3
BG	0	7
BH	2	3
BI	0	5
BJ	0	5
BL	0	9
BM	1	7
BN	0	4
BO	0	3
BQ	1	12
BR	1	19
BS	0	2
BT	0	2
BW	1	3
BY	0	6
BZ	0	3
CA	4	44
CD	4	6
CF	1	4
CG	1	3
CH	2	21
CI	1	9
CK	0	1
CL	1	21
CM	1	4
CN	3	3
CO	0	19
CR	0	4
CU	0	1
CV	0	2
CW	1	0
CY	0	5
CZ	1	9
DE	7	28
DJ	0	1
DK	0	26
DM	1	2
DO	0	4
DZ	1	4
EC	0	3
EE	0	18
EG	2	4
ER	0	1
ES	2	30
ET	0	1
FI	1	27
FJ	0	3
FK	0	1
FM	0	1
FO	0	3
FR	3	32
GA	1	4
GB	3	44
GD	1	2
GE	0	12
GF	1	0
GG	0	2
GH	0	17
GI	0	4
GL	0	2
GM	1	6
GN	1	5
GP	1	0
GQ	0	2
GR	1	13
GT	0	3
GU	0	4
GW	1	3
GY	1	4
HK	8	19
HN	0	4
HR	0	4
HT	1	3
HU	0	8
ID	4	15
IE	0	11
IL	3	24
IM	0	1
IN	5	15
INT	20	60
IO	0	1
IQ	0	7
IR	0	17
IS	2	10
IT	2	22
JE	0	1
JM	1	4
JO	1	4
JP	5	13
KE	1	10
KG	0	6
KH	1	6
KI	0	2
KM	0	2
KN	1	3
KP	0	2
KR	3	5
KW	2	3
KY	1	3
KZ	0	4
LA	0	4
LB	0	3
LC	1	2
LI	0	9
LK	0	8
LR	1	5
LS	1	2
LT	1	9
LU	3	11
LV	0	9
LY	0	5
MA	1	4
MC	0	1
MD	1	5
ME	0	3
MG	2	5
MH	0	1
MK	0	5
ML	1	3
MM	0	8
MN	0	4
MO	0	5
MP	0	1
MQ	1	0
MR	0	3
MS	1	1
MT	0	4
MU	1	3
MV	1	2
MW	1	3
MX	2	12
MY	3	16
MZ	1	3
NA	0	5
NC	0	1
NE	1	4
NG	1	11
NI	0	3
NL	1	33
NO	1	17
NP	0	4
NR	0	1
NU	0	1
NZ	4	6
OM	3	2
PA	0	5
PE	0	4
PF	0	4
PG	0	3
PH	2	8
PK	0	7
PL	1	43
PM	0	2
PR	0	2
PS	1	0
PT	1	10
PW	0	4
PY	0	6
QA	1	2
RO	2	9
RS	0	8
RU	1	41
RW	1	4
SA	2	8
SB	0	2
SC	1	3
SD	1	5
SE	4	47
SG	1	5
SI	0	6
SK	1	9
SL	2	8
SM	0	1
SN	1	4
SO	0	11
SR	1	2
SS	0	5
ST	0	2
SV	1	5
SY	0	3
SZ	0	3
TC	1	2
TD	1	3
TG	0	2
TH	2	9
TJ	0	7
TK	0	1
TL	0	3
TM	0	3
TN	2	3
TO	0	3
TR	2	2
TT	1	3
TV	0	1
TW	3	10
TZ	2	12
UA	0	10
UG	1	14
US	18	232
UY	1	3
UZ	0	8
VC	1	3
VE	0	4
VG	1	4
VN	1	8
VU	0	4
WF	0	1
WS	0	2
XK	0	4
YE	0	4
YT	0	5
ZA	3	29
ZM	1	3
ZW	0	3
